HudongItem1,relation,HudongItem2
菊糖,instance of,化合物
菊糖,instance of,多糖
瓦尔,instance of,河流
菊糖,subclass of,食物
瓦尔,origin of the watercourse,莱茵河
纳木错,instance of,湖泊
纳木错,basin country,中华人民共和国
菊糖,has part,氧
温县,instance of,县
乙酸香叶酯,instance of,化合物
Satsuma,instance of,城市
Bishop,instance of,城市
音源,subclass of,机械
小型计算机,subclass of,电子计算机
1430年,instance of,年
纳木错,country,中华人民共和国
瓦尔,continent,欧洲
菊糖,has part,碳
温县,country,中华人民共和国
乙酸香叶酯,has part,碳
Satsuma,country,美国
纳木错,located in the administrative territorial entity,西藏自治区
心肌梗死,instance of,疾病
草药,instance of,俗名
砷酸,instance of,化合物
波河,instance of,河流
温县,located in the administrative territorial entity,焦作市
Bishop,country,美国
海螂目,taxon rank,目
艾博特,sex or gender,男性
Kellogg,sex or gender,男性
Welch,instance of,城市
PSD,instance of,政党
艾博特,country of citizenship,美国
草药,use,传统医学
茄子,taxon rank,种
波河,mouth of the watercourse,亚得里亚海
Kellogg,country of citizenship,美国
Arnold,writing system,拉丁文字
白蜡树,taxon rank,种
犰狳科,taxon rank,科
Welch,country,美国
草芍药,taxon rank,种
砷酸,has part,氧
Kellogg,given name,Albert
243年,instance of,年
MgO,instance of,化合物
圣华金河,instance of,河流
白蜡树,parent taxon,梣树
PVI,country,巴西
草芍药,parent taxon,芍药属
心肌梗死,symptoms,胸痛
艾博特,family name,阿伯特
茄子,has fruit type,浆果
砷酸,has part,砷
牡荆属,taxon rank,属
PVI,located in the administrative territorial entity,巴拉那州
Arnold,family name identical to this given name,Arnold
闰年,instance of,时间单位
碳酸铵,instance of,化合物
牡荆属,parent taxon,唇形科
圣华金河,mouth of the watercourse,萨克拉门托河
Arnold,different from,Arnold
孟元,sex or gender,男性
闰年,subclass of,年份
以太网,named after,以太
Bing,sex or gender,男性
犰狳科,Code of nomenclature,国际动物命名法规
Kellogg,field of work,植物学
1557年,instance of,年
甘油醛,instance of,丙糖
南诏,capital,大理市
碳酸铵,has part,氮
Bing,country of citizenship,加拿大
Mira,writing system,拉丁文字
MgO,has part,氧
艾博特,languages spoken written or signed,英语
Carlson,writing system,拉丁文字
甘油醛,instance of,醛糖
懒熊,taxon rank,种
百里奚,sex or gender,男性
水晶兰属,taxon rank,属
闰年,part of,公历
Mira,family name identical to this given name,Mira
MgO,has part,镁
艾博特,occupation,天文学家
大红袍,country of origin,中华人民共和国
氯化铁,instance of,化合物
胰凝乳蛋白酶,instance of,消化酶
1771年,instance of,年
Rapido,instance of,河流
Carlson,different from,Carlson
甘油醛,instance of,醛
百里奚,country of citizenship,秦国
碳酸铵,has part,氧
Bing,family name,Thompson
Mira,different from,Mira
张德慈,sex or gender,男性
氯化铁,has part,铁
胰凝乳蛋白酶,subclass of,丝氨酸蛋白酶
王维,sex or gender,男性
甘油醛,instance of,化合物
水晶兰属,has fruit type,蒴果
闰年,opposite of,平年
碳酸铵,has part,碳
Bing,place of birth,蒙特利尔
圣华金河,continent,北美洲
机电工程,subclass of,工程学
氟烷,instance of,化合物
麦格雷戈,instance of,城市
张德慈,country of citizenship,中华人民共和国
氯化铁,has part,氯
胰凝乳蛋白酶,found in taxon,智人
1771年,follows,1770年
王维,country of citizenship,中国
Rapido,country,意大利
甘油醛,has part,碳
圣华金河,country,美国
Mango,sex or gender,男性
麦格雷戈,country,美国
木地肤,taxon rank,种
1771年,followed by,1772年
王维,family name,王
甘油醛,has part,氧
心肌梗死,drug used for treatment,尿激酶
正山小种,subclass of,红茶
贝加尔湖,instance of,湖泊
Mango,country of citizenship,意大利
张德慈,place of birth,上海市
Cramer,sex or gender,男性
青山,country,日本
正山小种,country of origin,中华人民共和国
溜曲霉,taxon rank,种
Nuclear,country of origin,智利
王维,place of death,西安市
Seth,writing system,拉丁文字
贝加尔湖,lake inflows,色楞格河
溜曲霉,parent taxon,曲霉属
柱式,facet of,古典建筑
Cramer,given name,Gabriel
Seth,family name identical to this given name,Seth
王维,languages spoken written or signed,汉语
艾博特,educated at,麻省理工学院
氟烷,medical condition treated,哮喘
王维,languages spoken written or signed,文言文
TG,chairperson,毛泽东
Seth,different from,Seth
Mango,cause of death,心肌梗死
Cramer,languages spoken written or signed,法语
王维,occupation,诗人
TG,country,中华人民共和国
Cramer,occupation,数学家
张德慈,educated at,明尼苏达大学
TG,headquarters location,中南海
Cramer,occupation,物理学家
氟烷,has part,氟
TG,political ideology,毛泽东思想
氟烷,has part,碳
波河,continent,欧洲
Mango,occupation,诗人
心肌梗死,drug used for treatment,链激酶
波河,country,意大利
McClintock,instance of,姓氏
凳,subclass of,座位
黄酮类化合物,subclass of,化合物
1629年,instance of,年
贝加尔湖,basin country,俄罗斯
McClintock,different from,McClintock
黄羊,taxon rank,种
gangrene,health specialty,病理学
贝加尔湖,basin country,蒙古国
房,subclass of,多配偶制
磷蛋白,subclass of,蛋白质
chamber,subclass of,机械
1629年,follows,1628年
贝加尔湖,continent,亚洲
Zepp,country,日本
中亚滨藜,taxon rank,种
1629年,followed by,1630年
贝加尔湖,country,俄罗斯
substance,subclass of,实体
1523年,instance of,年
黄金时代,main subject,航空
substance,said to be the same as,材料
流砂,subclass of,大陆
FDR,sex or gender,男性
扁蚜科,taxon rank,科
粤语,instance of,语言
机械,subclass of,工具
人工呼吸,part of,医学
FDR,country of citizenship,美国
恩施市,country,中华人民共和国
扁蚜科,parent taxon,蚜虫
机械,subclass of,装置
大黍,taxon rank,种
胚胎,subclass of,生物
林特,country,比利时
叉角羚科,taxon rank,种
陆龟科,taxon rank,科
FDR,given name,Franklin
恩施市,capital of,巴国
黄金时代,country of origin,美国
黑脚,instance of,族群
布伦纳,instance of,市镇
Irish,instance of,语言
迪克森,instance of,城市
粤语,subclass of,汉语
机械,field of work,工程学
大黍,parent taxon,黍属
胚胎,follows,受精卵
黄金时代,original language of work,英语
布伦纳,country,意大利
Johnston,country,美国
迪克森,instance of,县城
胚胎,followed by,fetus
林特,shares border with,利尔
半抗原,instance of,分子
egg,subclass of,卵
糖,instance of,概念
学术期刊,subclass of,期刊
迪克森,country,美国
胚胎,followed by,孢子体
陆龟科,Code of nomenclature,国际动物命名法规
葛布,sex or gender,女性
珠江口,instance of,三角洲
非洲油棕,taxon rank,种
唾液腺,subclass of,外分泌腺
egg,subclass of,食物
迪克森,located in the administrative territorial entity,伊利诺伊州
胚胎,location of final assembly,子宫
194年,instance of,年
超氧化物歧化酶,instance of,酶
黄山风景区,instance of,山脉
人口增长率,subclass of,growth
珠江口,country,中华人民共和国
非洲油棕,parent taxon,油棕属
糖,country,德国
学术期刊,has part,文章
厄运,country of origin,美国
大亚湾,country,中华人民共和国
Jonathan,language of work or name,英语
超氧化物歧化酶,found in taxon,智人
黄山风景区,instance of,保护区
珠江口,located in the administrative territorial entity,广东省
学术期刊,different from,科学期刊
厄运,language of work or name,英语
霍利,instance of,镇
明州,instance of,州
巴丹吉林沙漠,instance of,荒漠
奎尼丁,instance of,化合物
中国古籍,subclass of,中国文学
黄山风景区,part of,安徽省
Irish,writing system,拉丁文字
胚胎,different from,胚芽
豹子花,taxon rank,种
木薯属,taxon rank,属
明州,country,中华人民共和国
巴丹吉林沙漠,country,中华人民共和国
194年,followed by,195年
Jonathan,writing system,拉丁文字
霍利,country,英国
木薯属,parent taxon,大戟科
巴丹吉林沙漠,located in the administrative territorial entity,甘肃省
黄山风景区,country,中华人民共和国
黄山风景区,located in the administrative territorial entity,安徽省
Jonathan,family name identical to this given name,Jonathan
Jonathan,different from,Jonathan
FDR,native language,英语
FDR,languages spoken written or signed,英语
奎尼丁,significant drug interaction,氯丙嗪
FDR,languages spoken written or signed,法语
酸沼,subclass of,湿地
莱姆病,instance of,疾病
perfect,subclass of,体
Hardy,writing system,拉丁文字
Burger,instance of,姓氏
中国大学,country,中华人民共和国
Hardy,family name identical to this given name,Hardy
奎尼丁,significant drug interaction,可卡因
FDR,occupation,政治家
光叶闭鞘姜,taxon rank,种
桑寄生,taxon rank,种
褐云玛瑙螺,taxon rank,种
桤木,taxon rank,种
FDR,position held,美国总统
slp,instance of,基因
放线菌酮,instance of,化合物
长廊,country,中华人民共和国
清凉峰自然保护区,country,中华人民共和国
桑寄生,parent taxon,钝果寄生属
桤木,parent taxon,桤木属
Burger,writing system,拉丁文字
slp,subclass of,基因
汤池,sex or gender,男性
Kohler,country,美国
薄叶润楠,taxon rank,种
Burger,different from,Burger
钙通道,subclass of,离子通道
desert,subclass of,景观
幂律,instance of,物理定律
汤池,country of citizenship,中华人民共和国
薄叶润楠,parent taxon,润楠属
幂律,subclass of,概率分布
网络崖豆藤,taxon rank,种
汤池,member of political party,中国共产党
满月,instance of,月相
1180年,instance of,年
牯岭,country,中华人民共和国
Silk,country of origin,法国
奎尼丁,significant drug interaction,红霉素
宋子安,sex or gender,男性
Silk,country of origin,英国
磷酸酯,subclass of,酯
1922年,instance of,年
CHS,instance of,疾病
柠檬酸铵,instance of,化合物
光州,instance of,县
Silk,country of origin,意大利
黄金时代,color,黑白
Petch,sex or gender,男性
光州,country,中华人民共和国
满月,opposite of,新月
1180年,followed by,1181年
Silk,country of origin,加拿大
丰州,instance of,州
福特,instance of,姓氏
花港观鱼,country,中华人民共和国
Petch,country of citizenship,英国
磷酸酯,has part,氧
1922年,follows,1921年
同志,different from,药物
Silk,country of origin,日本
蝴蝶果属,taxon rank,属
扬子,sex or gender,男性
乔木,sex or gender,男性
福特,language of work or name,英语
李思忠,sex or gender,男性
Petch,given name,托马斯
磷酸酯,has part,磷
1922年,followed by,1923年
Silk,original language of work,英语
推理机,subclass of,program
丙二酸,instance of,化合物
Pierre,instance of,城市
蝴蝶果属,parent taxon,大戟科
扬子,country of citizenship,中国
乔木,country of citizenship,中国
福特,writing system,拉丁文字
李思忠,country of citizenship,中华人民共和国
FDR,nominated for,诺贝尔和平奖
丙二酸,found in taxon,智人
宁夏枸杞,subclass of,蔬菜
Pierre,instance of,县城
扬子,family name,杨
乔木,country of citizenship,中华人民共和国
福特,different from,Ford
李思忠,family name,李
FDR,nominated for,诺贝尔和平奖
黑牛,subclass of,饮料
仿生学,subclass of,生物学
姓氏,part of,人名
佩拉,country,希腊
丙二酸,has part,氧
宁夏枸杞,taxon rank,种
扬子,languages spoken written or signed,汉语
乔木,place of birth,盐城市
福特,different from,福特
神话传说,input method,手柄
FDR,nominated for,诺贝尔和平奖
雷雨云,subclass of,云
法称,sex or gender,男性
MS,named after,密西西比河
仿生学,subclass of,工程学
丙二酸,has part,碳
宁夏枸杞,parent taxon,枸杞属
乔木,place of death,北京市
李思忠,place of death,北京市
FDR,nominated for,诺贝尔和平奖
法称,occupation,哲学家
MS,official language,英语
Pierre,country,美国
扬子,occupation,诗人
李思忠,occupation,生物学家
MS,country,美国
Pierre,capital of,南达科他州
神话传说,ESRB rating,青少年
MS,capital,杰克逊
姓氏,said to be the same as,姓
李思忠,occupation,鱼类学家
MS,located in the administrative territorial entity,美国
李思忠,occupation,作者
FDR,educated at,哥伦比亚大学
MS,located in or next to body of water,墨西哥湾
Pierre,located in or next to body of water,密苏里河
FDR,residence,纽约
MS,located in or next to body of water,密西西比河
乔木,educated at,清华大学
李思忠,occupation,教师
乔木,member of political party,中国共产党
李思忠,field of work,鱼类学
李思忠,field of work,动物地理学
MS,deepest point,墨西哥湾
李思忠,influenced by,张春霖
李思忠,influenced by,朱元鼎
光州,contains administrative territorial entity,黄湖农场
Silk,narrative location,日本
Silk,filming location,日本
奎尼丁,has part,氮
光州,shares border with,固始县
Silk,color,彩色
奎尼丁,has part,碳
光州,shares border with,商城县
光州,shares border with,息县
李思忠,significant event,文化大革命
山梨酸,instance of,化合物
通城县,instance of,县
大月,instance of,时间单位
清塘,instance of,湖泊
李思忠,educated at,北京师范大学
君山岛,country,中华人民共和国
山梨酸,has part,氧
黄泥螺,taxon rank,种
清塘,country,俄罗斯
阖闾,sex or gender,男性
罗马人,subclass of,公民权
垃圾箱,subclass of,容器
潮田,instance of,姓氏
山梨酸,has part,碳
通城县,country,中华人民共和国
李思忠,work location,北京市
梨球针壳,taxon rank,种
常州市,country,中华人民共和国
潮田,language of work or name,日语
大月,part of,年
葡萄糖酸,instance of,糖类
Halle,instance of,城市
橘色,instance of,颜色
常州市,located in the administrative territorial entity,江苏省
阖闾,sibling,僚
葡萄糖酸,instance of,化合物
江津,sex or gender,男性
荀况,sex or gender,男性
滇丁香,taxon rank,种
橘色,subclass of,颜色
氟甲烷,instance of,化合物
临漳县,instance of,县
江津,country of citizenship,中华人民共和国
荀况,country of citizenship,齐国
大月,different from,月
阖闾,sibling,通
王同,sex or gender,男性
临漳县,country,中华人民共和国
Sus,taxon rank,属
头纹宽吻鲀,taxon rank,种
Halle,instance of,市镇
江津,family name,江
荀况,place of birth,赵国
橘色,named after,橙
李思忠,contributed to published work,动物学报
IPN,instance of,研究所
葡萄糖酸,has part,氧
Halle,country,德国
江津,place of birth,天津市
荀况,place of death,楚国
常州市,contains administrative territorial entity,新北区
李思忠,contributed to published work,动物分类学报
破伤风梭菌,taxon rank,种
湾头镇,country,中华人民共和国
Fraser,sex or gender,男性
环保,part of,政治
Mycoplasmatales,taxon rank,目
IPN,headquarters location,华沙
临漳县,located in the administrative territorial entity,邯郸市
Jade,writing system,拉丁文字
葡萄糖酸,has part,碳
Halle,country,东德
荀况,occupation,哲学家
Ka,instance of,西里尔字母
地下河,subclass of,河流
NPD,instance of,政党
Fraser,country of citizenship,英国
Sus,different from,Sus
Jade,family name identical to this given name,Jade
李思忠,contributed to published work,中国大百科全书
Ka,part of,西里尔字母
轻工,subclass of,产业
齐齐哈尔市,country,中华人民共和国
NPD,country,德国
环保,studied by,环境科学
Mycoplasmatales,Gram staining,革兰氏阴性菌
荀况,student,李斯
CCT,instance of,基因
Ferguson,instance of,姓氏
拳,instance of,手势
地下河,subclass of,地下水
Fraser,occupation,昆虫学家
荀况,ethnic group,汉族
例外,country of origin,英国
李连捷,sex or gender,男性
白鲟,taxon rank,种
拳,part of,手
齐齐哈尔市,located in the administrative territorial entity,黑龙江省
NPD,headquarters location,柏林
常州市,sister city,普拉托
金沙江,instance of,河流
k,instance of,自然数
例外,original language of work,英语
李连捷,country of citizenship,中华人民共和国
CCT,found in taxon,智人
Ferguson,language of work or name,英语
Mer,country,法国
金沙江,origin of the watercourse,通天河
海克尔,sex or gender,男性
栓皮栎,taxon rank,种
李连捷,family name,李
Ferguson,writing system,拉丁文字
NPD,political ideology,民族
常州市,shares border with,苏州市
金沙江,mouth of the watercourse,长江
栓皮栎,parent taxon,栎属
江津,sport,足球
金沙江,country,中华人民共和国
金沙江,located in the administrative territorial entity,西藏自治区
海克尔,given name,Ernst
金沙江,watershed,长江流域
例外,color,彩色
海克尔,given name,奥古斯特
例外,MPAA film rating,R
齐齐哈尔市,contains administrative territorial entity,甘南县
海克尔,languages spoken written or signed,拉丁语
海克尔,occupation,生物学家
海克尔,occupation,医生
齐齐哈尔市,contains administrative territorial entity,克东县
海克尔,occupation,哲学家
海克尔,occupation,艺术家
Hire,instance of,姓氏
柠檬醛,instance of,醛
肉类食物,subclass of,食物
峨嵋山,instance of,山
Halle,sister city,格勒诺布尔
Hire,writing system,拉丁文字
抚顺市,country,中华人民共和国
秦德公,sex or gender,男性
柠檬醛,instance of,化合物
拉萨河,instance of,河流
785年,instance of,年
甲骨文,subclass of,中文
Hire,different from,Hire
抚顺市,located in the administrative territorial entity,辽宁省
秦德公,country of citizenship,秦国
市镇,subclass of,基层政权
峨嵋山,country,中华人民共和国
海克尔,occupation,鱼类学家
种畜场,country,中华人民共和国
拉萨河,mouth of the watercourse,布拉马普特拉河
借贷,has quality,利率
黄骅县,country,中华人民共和国
柠檬醛,has part,氧
市镇,country,意大利
海克尔,field of work,共同起源
齐齐哈尔市,sister city,佛山市
数学家,instance of,专业
785年,follows,784年
油画,different from,油彩
柠檬醛,has part,碳
市镇,office held by head of government,市长
肉类食物,has part,肌肉
齐齐哈尔市,sister city,湛江市
Halle,sister city,嘉兴市
丽纹蛇,taxon rank,种
千屈菜,taxon rank,种
拉萨河,continent,亚洲
785年,followed by,786年
黄骅县,located in the administrative territorial entity,沧州市
1450年,instance of,年
氯丁橡胶,instance of,聚合物
fh,instance of,基因
数学家,field of this occupation,数学
拉萨河,country,中华人民共和国
秦德公,child,秦穆公
草兔,taxon rank,种
磷酸甘油酸激酶,subclass of,蛋白质
王永,sex or gender,男性
Kt,subclass of,骑士
千屈菜,has fruit type,蒴果
Jennings,instance of,城市
东京梦华录,instance of,文学作品
巯基乙醇,instance of,化合物
草兔,parent taxon,野兔
磷酸甘油酸激酶,found in taxon,智人
德国社会民主党,instance of,政党
Kt,country,英国
借贷,has quality,量
秦德公,child,秦宣公
Jennings,country,美国
杨慎,sex or gender,男性
海南岛,country,中华人民共和国
虎尾兰属,taxon rank,属
滇楠,taxon rank,种
巯基乙醇,has part,氧
Carmen,language of work or name,法语
齐齐哈尔市,sister city,泸州市
Jennings,located in the administrative territorial entity,路易斯安那州
杨慎,country of citizenship,明朝
海南岛,located in the administrative territorial entity,海南省
滇楠,parent taxon,楠属
巯基乙醇,has part,硫
齐齐哈尔市,sister city,黑河市
杨慎,family name,杨
海南岛,located in or next to body of water,南海
巯基乙醇,has part,碳
抚顺市,sister city,阿拉德
杨慎,place of birth,成都市
海南岛,located in or next to body of water,北部湾
海南岛,located in or next to body of water,琼州海峡
Carmen,narrative location,西班牙
杨慎,languages spoken written or signed,汉语
fh,ortholog,延胡索酸酶
杨慎,occupation,诗人
齐齐哈尔市,sister city,牡丹江市
齐齐哈尔市,sister city,绍兴市
齐齐哈尔市,sister city,西双版纳傣族自治州
齐齐哈尔市,sister city,盐城市
川,subclass of,流水
岛屿国家,subclass of,国家
东马来西亚,country,马来西亚
亚纲,part of,纲
岛屿国家,subclass of,国家
寄生植物,subclass of,植物
榷,instance of,图书
自序,subclass of,序
白木通,parent taxon,三叶木通
玄参科,taxon rank,科
长尾阔嘴鸟,taxon rank,种
寄生植物,subclass of,parasite
自序,part of,图书
郑章成,occupation,生物学家
物种起源,instance of,图书
亚甲基蓝,instance of,化合物
P值,instance of,函数
甘肃省,country,中华人民共和国
大盐湖,basin country,美国
川,has part,水
德国社会民主党,country,德国
林区,country,中华人民共和国
元旦,instance of,新年
W.,writing system,拉丁文字
大盐湖,country,美国
自序,said to be the same as,引言
350年,instance of,年
林道,instance of,市镇
茜,instance of,名字
欧姆,based on,伏特
W.,different from,W.
甘肃省,located in the administrative territorial entity,中华人民共和国
大盐湖,located in the administrative territorial entity,犹他州
卡尔德,country,匈牙利
毛叶石楠,taxon rank,种
林道,country,德国
欧姆,based on,安培
毛叶石楠,parent taxon,石楠属
茜,language of work or name,汉语
欧姆,measured physical quantity,电阻
物种起源,main subject,生物学
玄参科,has fruit type,蒴果
蒲苇,taxon rank,种
洋水仙,taxon rank,种
Edgar,language of work or name,法语
大花萱草,taxon rank,种
茜,writing system,汉字
欧姆,measured physical quantity,阻抗
元旦,named after,新年
德国社会民主党,color,红色
1991年,instance of,年
红霉素,instance of,化合物
PMF,subclass of,企业
方向盘,subclass of,equipment
洋水仙,parent taxon,水仙属
Edgar,language of work or name,英语
茜,family name identical to this given name,钱
物种起源,genre,生物学
德国社会民主党,educated at,波恩大学
王棕,taxon rank,种
明祖陵,country,中华人民共和国
物种起源,genre,科学
亚甲基蓝,has part,氮
甘肃省,contains administrative territorial entity,天水市
伯斯,instance of,城市
南康郡,instance of,郡
1991年,follows,1990年
王棕,parent taxon,王棕属
明祖陵,located in the administrative territorial entity,盱眙县
Edgar,writing system,拉丁文字
Anti,language of work or name,英语
物种起源,genre,专论
亚甲基蓝,has part,硫
Steve,language of work or name,英语
伯斯,country,英国
陈荣,sex or gender,女性
田地,use,cultivation
金豆,taxon rank,种
白令,sex or gender,男性
1991年,followed by,1992年
红霉素,subclass of,抗菌药
亚甲基蓝,has part,碳
陈荣,country of citizenship,中华人民共和国
田地,opposite of,放牧地
金豆,parent taxon,金橘
白令,country of citizenship,丹麦
Steve,writing system,拉丁文字
陈荣,place of birth,河北省
Edgar,family name identical to this given name,Edgar
Steve,family name identical to this given name,Steve
Edgar,different from,Edgar
Steve,different from,Steve
陈荣,sports discipline competed in,马拉松
Steve,said to be the same as,Steven
伯斯,sister city,海口市
MS,shares border with,路易斯安那州
MS,shares border with,阿肯色州
甘肃省,contains administrative territorial entity,甘南藏族自治州
MS,shares border with,田纳西州
MS,shares border with,亚拉巴马州
物种起源,country of origin,英国
甘肃省,shares border with,新疆维吾尔自治区
物种起源,language of work or name,英语
甘肃省,shares border with,内蒙古自治区
物种起源,original language of work,英语
甘肃省,shares border with,青海省
甘肃省,shares border with,四川省
甘肃省,shares border with,陕西省
甘肃省,shares border with,宁夏回族自治区
红霉素,medical condition treated,尿道炎
红霉素,medical condition treated,淋病
灌溉管理,subclass of,管理学
丁二酮,instance of,化合物
南平市,country,中华人民共和国
丁二酮,has part,氧
IRL,instance of,国家
红霉素,medical condition treated,炭疽病
雄县,instance of,县
运河区,instance of,区
人欲,instance of,诗
南平市,located in the administrative territorial entity,福建省
丁二酮,has part,碳
白檀,taxon rank,种
雄县,country,中华人民共和国
运河区,country,中华人民共和国
人欲,genre,唐诗
Carbon,instance of,科学期刊
辽东郡,instance of,郡
白檀,parent taxon,山矾属
人欲,country of origin,唐朝
盘羊,taxon rank,种
周文王,sex or gender,男性
协会,subclass of,非政府组织
pathology,has effect,染色体疾病
莠去津,instance of,化合物
雄县,located in the administrative territorial entity,保定市
运河区,located in the administrative territorial entity,沧州市
人欲,language of work or name,文言文
Carbon,field of work,物理学
南平市,contains administrative territorial entity,浦城县
盐铁论,instance of,文本
巧克力,subclass of,食物
图书,subclass of,文献
周文王,country of citizenship,周朝
莠去津,instance of,除草剂
Carbon,field of work,材料科学
盐铁论,language of work or name,汉语
图书,subclass of,出版物
大庆,instance of,年号
pathology,studies,疾病
莠去津,instance of,杂环化合物
草铵膦,instance of,化合物
埃文斯顿,instance of,城市
Clementine,writing system,拉丁文字
Carbon,main subject,物理学
南平市,contains administrative territorial entity,政和县
IRL,official language,英语
苏云金芽孢杆菌,taxon rank,种
草铵膦,instance of,除草剂
埃文斯顿,country,美国
Clementine,different from,Clementine
Carbon,main subject,材料科学
红霉素,significant drug interaction,氯丙嗪
利血平,instance of,化合物
水经注,instance of,文学作品
Sigma,country,菲律宾
巧克力,country of origin,南美洲
泰西,country,法国
洛阳工学院,country,中华人民共和国
龙葵,taxon rank,种
水经注,editor,郦道元
OPP,instance of,建筑物
Cavity,country of origin,美国
巧克力,country of origin,中美洲
图书,subclass of,文学作品
IRL,continent,欧洲
OPP,country,美国
天地人,country of origin,日本
图书,material used,纸
周文王,child,周武王
Carbon,language of work or name,英语
IRL,capital,都柏林
龙葵,has fruit type,浆果
天地人,original language of work,日语
Sigma,office held by head of government,市长
AV,language of work or name,英语
巧克力,material used,食糖
红霉素,significant drug interaction,可卡因
OPP,owned by,纽约
图书,material used,纸板
巧克力,has part,食糖
图书,use,信息源
巧克力,has part,可可豆
IRL,basic form of government,共和制
利血平,has part,氮
利血平,has part,碳
图书,has quality,作者
图书,has quality,出版社
图书,has part,文本
IRL,diplomatic relation,意大利
IRL,diplomatic relation,法国
IRL,diplomatic relation,德国
IRL,diplomatic relation,赞比亚
IRL,diplomatic relation,澳大利亚
周文王,occupation,君主
IRL,diplomatic relation,俄罗斯
胭脂红,instance of,色素
US,instance of,政党
CP,instance of,疾病
周文王,family,周朝
IRL,diplomatic relation,加拿大
香兰,taxon rank,种
胭脂红,instance of,化合物
斯洛伐克人,instance of,族群
小果咖啡,taxon rank,种
北半球,part of,地球
IRL,diplomatic relation,乌克兰
红霉素,significant drug interaction,奎尼丁
警句,subclass of,诗
延光,instance of,年号
辰州,instance of,州
US,headquarters location,布拉格
北半球,named after,北
IRL,diplomatic relation,白俄罗斯
辰州,country,中华人民共和国
胭脂红,natural product of taxon,胭脂虫
小果咖啡,has fruit type,浆果
北半球,opposite of,南半球
庐山云雾茶,country,中华人民共和国
砀山县,instance of,县
1578年,instance of,年
布朗族,instance of,族群
亚拉巴马州,official language,英语
斯洛伐克人,religion,天主教
小果咖啡,this taxon is source of,咖啡豆
IRL,diplomatic relation,以色列
无患子科,taxon rank,科
By,country,法国
砀山县,country,中华人民共和国
红茄苳,taxon rank,种
沙蚕,taxon rank,属
数据库,has part,数据
胭脂红,has part,氧
1756年,instance of,年
红茄苳,parent taxon,红树属
亚拉巴马州,continent,北美洲
胭脂红,has part,碳
IRL,diplomatic relation,英国
刺槐,taxon rank,种
1756年,instance of,闰年
山桐子,taxon rank,种
忠清北道,country,大韩民国
天蓝苜蓿,taxon rank,种
砀山县,replaces,砀山县
亚拉巴马州,country,美国
刺槐,parent taxon,刺槐属
忠清北道,capital,清州市
天蓝苜蓿,parent taxon,苜蓿
亚拉巴马州,capital,蒙哥马利
IRL,diplomatic relation,哥伦比亚
刺槐,inflorescence,总状花序
1756年,follows,1755年
忠清北道,located in the administrative territorial entity,大韩民国
IRL,diplomatic relation,丹麦
刺槐,this taxon is source of,Robinia
菱形,follows,正三角形
1756年,followed by,1757年
忠清北道,office held by head of government,省长
菱形,dual to,矩形
忠清北道,sister city,山梨县
亚拉巴马州,located in the administrative territorial entity,美国
IRL,diplomatic relation,埃塞俄比亚
菱形,has facet polytope,边
忠清北道,shares border with,京畿道
IRL,diplomatic relation,南非
忠清北道,shares border with,江原道
亚拉巴马州,deepest point,墨西哥湾
IRL,diplomatic relation,巴基斯坦
菱形,has quality,面积
菱形,has part,半径
IRL,diplomatic relation,菲律宾
菱形,has part,边
IRL,diplomatic relation,墨西哥
IRL,diplomatic relation,美国
IRL,diplomatic relation,中华人民共和国
IRL,diplomatic relation,希腊
大古力水坝,instance of,重力坝
crack,instance of,兴奋剂
Merrill,instance of,名字
霍城县,instance of,县
流体动力学,instance of,科学分支
IRL,diplomatic relation,印度
大古力水坝,country,美国
Merrill,writing system,拉丁文字
霍城县,country,中华人民共和国
IRL,diplomatic relation,孟加拉国
H4,instance of,基因
大古力水坝,located in the administrative territorial entity,华盛顿州
溺水,has cause,呼吸
Merrill,family name identical to this given name,Merrill
IRL,diplomatic relation,格鲁吉亚
Aster,taxon rank,属
鹡鸰科,taxon rank,科
CSE,instance of,企业
溺水,has effect,死亡
Merrill,different from,Merrill
硝酸铋,instance of,化合物
鹡鸰科,parent taxon,雀形目
CSE,country,丹麦
H4,found in taxon,智人
Arth,country,瑞士
流体动力学,has part,空气动力学
IRL,member of,联合国
硝酸铋,has part,铋
仓鼠,taxon rank,亚科
公里,measured physical quantity,长度
佩兰,taxon rank,种
ATA,continent,南极洲
阿纳德尔,instance of,城市
农业气象学,part of,气象学
1902年,instance of,年
大凉山,instance of,山脉
草木子,instance of,文学作品
硝酸铋,has part,氧
仓鼠,parent taxon,鼠科
波希米亚,country,捷克
氧化物,subclass of,化合物
鹡鸰科,Code of nomenclature,国际动物命名法规
CSE,headquarters location,哥本哈根
开发商,subclass of,专业
微孢子虫,taxon rank,门
大凉山,country,中华人民共和国
波希米亚,capital,布拉格
ATA,territory claimed by,挪威
IRL,member of,欧洲空间局
阿纳德尔,country,俄罗斯
士,language of work or name,汉语
微孢子虫,parent taxon,真菌
波希米亚,located in the administrative territorial entity,捷克
ATA,territory claimed by,新西兰
士,writing system,汉字
1902年,follows,1901年
ATA,territory claimed by,法国
1902年,followed by,1903年
ATA,territory claimed by,澳大利亚
士,said to be the same as,施
微孢子虫,Code of nomenclature,国际动物命名法规
ATA,territory claimed by,智利
士,said to be the same as,石
ATA,territory claimed by,阿根廷
士,said to be the same as,时
ATA,territory claimed by,英国
士,said to be the same as,释
士,said to be the same as,史
士,said to be the same as,Sa
淡水河,instance of,河流
北盘江,instance of,河流
燕隼,taxon rank,种
2B,sport,棒球
灯心草属,taxon rank,属
海南杜鹃,taxon rank,种
夏天,country of origin,英国
北盘江,mouth of the watercourse,西江
IRL,language used,英语
乙草胺,instance of,除草剂
炎黄,country,中华人民共和国
灯心草属,parent taxon,灯心草科
夏天,original language of work,英语
北盘江,country,中华人民共和国
IRL,language used,英语
乙草胺,instance of,化合物
燕雀,taxon rank,种
沙芥,taxon rank,种
灯心草属,has fruit type,蒴果
顺电,country,中华人民共和国
胆绿素,instance of,化合物
吕梁山,instance of,山脉
雅砻江,instance of,河流
胆绿素,instance of,杂环化合物
吕梁山,country,中华人民共和国
雅砻江,origin of the watercourse,巴颜喀拉山脉
Delphinium,taxon rank,属
WL,country,美国
湖北山楂,taxon rank,种
Lem,sex or gender,男性
读书人,instance of,专业
石龙坝水电站,instance of,水电站
胆绿素,has part,氮
雅砻江,mouth of the watercourse,长江
Delphinium,parent taxon,毛茛科
湖北山楂,parent taxon,山楂
Lem,country of citizenship,波兰
处理器,subclass of,产品
西黄松,taxon rank,种
大花夏枯草,taxon rank,种
读书人,subclass of,哲学家
椋鸟科,taxon rank,科
石龙坝水电站,country,中华人民共和国
斯特拉顿,country,美国
胆绿素,has part,碳
Delphinium,has fruit type,蓇葖果
日耳曼尼亚志,instance of,图书
柏木,instance of,姓氏
649年,instance of,年
饶州,instance of,州
处理器,use,电子计算机
椋鸟科,parent taxon,雀形目
石龙坝水电站,located in the administrative territorial entity,西山区
雅砻江,continent,亚洲
纠纷,subclass of,事件
柏木,language of work or name,日语
湖北百合,taxon rank,种
饶州,country,中华人民共和国
雅砻江,country,中华人民共和国
Lem,place of death,克拉科夫
湖北百合,parent taxon,百合属
椋鸟科,Code of nomenclature,国际动物命名法规
Lem,cause of death,心血管疾病
夏天,color,彩色
日耳曼尼亚志,author,塔西佗
纠纷,subclass of,相互作用
柏木,different from,柏木
649年,followed by,650年
雅砻江,watershed,长江流域
日耳曼尼亚志,language of work or name,拉丁语
Lem,languages spoken written or signed,英语
俄亥俄河,instance of,河流
柠檬黄,instance of,化合物
Lem,occupation,哲学家
俄亥俄河,mouth of the watercourse,密西西比河
石斛,taxon rank,种
Robin,language of work or name,英语
锥形瓶,subclass of,烧瓶
欧氏距离,instance of,度量
1255年,instance of,年
米线,subclass of,中国面条
加查县,instance of,县
光学仪器,field of work,光学
巴倍虫属,taxon rank,属
Euphoria,taxon rank,属
米线,country,中华人民共和国
葎草,taxon rank,种
狐毛,sex or gender,男性
加查县,country,中华人民共和国
柠檬黄,has part,碳
Robin,writing system,拉丁文字
雪山工程,basin country,澳大利亚
Amazon,instance of,河流
修士,instance of,专业
隋书,instance of,图书
1255年,follows,1254年
米线,country of origin,中华人民共和国
雪山工程,country,澳大利亚
洋流,part of,海洋
袁世凯,sex or gender,男性
隋书,series,二十四史
Robin,family name identical to this given name,Robin
frequency,instance of,标量
上海人,instance of,族群
徙,instance of,族群
主意,subclass of,概念
别名,subclass of,代号
Amazon,mouth of the watercourse,大西洋
洋流,part of,海
袁世凯,country of citizenship,清朝
玉林,sex or gender,男性
蓝翡翠,taxon rank,种
frequency,measured by,赫兹
主意,part of,思维
修士,different from,兄弟
主意,said to be the same as,概念
Amazon,tributary,塔帕若斯河
袁世凯,family name,袁
俄亥俄河,country,美国
巴伐利亚,country,德国
俄亥俄河,located in the administrative territorial entity,俄亥俄州
别名,said to be the same as,称谓
袁世凯,place of death,北京市
巴伐利亚,country,西德
袁世凯,cause of death,尿毒症
玉林,ethnic group,满族
巴伐利亚,capital,慕尼黑
巴伐利亚,located in the administrative territorial entity,德国
巴伐利亚,located in the administrative territorial entity,西德
IRL,shares border with,英国
Amazon,continent,南美洲
Amazon,country,秘鲁
Lem,residence,克拉科夫
Amazon,country,哥伦比亚
IRL,driving side,左
Amazon,country,巴西
亚拉巴马州,shares border with,佛罗里达州
Amazon,country,厄瓜多尔
袁世凯,position held,宰相
亚拉巴马州,shares border with,田纳西州
袁世凯,position held,军机大臣
亚拉巴马州,shares border with,密西西比州
袁世凯,member of political party,共和党
忠县,instance of,县
75,instance of,年
大官湖,instance of,湖泊
袁世凯,ethnic group,汉族
梅克,sex or gender,男性
蓝果树,taxon rank,种
忠县,country,中华人民共和国
卡拉汉,country,美国
米团花,taxon rank,种
红翅绿鸠,taxon rank,种
大官湖,country,中华人民共和国
色胺,instance of,化合物
DDS,instance of,化合物
梅克,country of citizenship,德国
忠县,located in the administrative territorial entity,重庆市
卡拉汉,located in the administrative territorial entity,佛罗里达州
莲属,taxon rank,属
Spirochaeta,taxon rank,属
翠柏属,taxon rank,属
Lome,country,埃塞俄比亚
幌伞枫,taxon rank,种
北京条约,instance of,契约
所有权,subclass of,法律
莲属,parent taxon,莲科
拉贾斯坦邦,continent,亚洲
紫辫鱼,taxon rank,种
吕宋岛,country,菲律宾
北京条约,country,中华人民共和国
莲属,has fruit type,核果
Spirochaeta,Gram staining,革兰氏阴性菌
翠柏属,parent taxon,柏科
拉贾斯坦邦,country,印度
吕宋岛,located in the administrative territorial entity,菲律宾
北京条约,country,俄罗斯
DDS,subclass of,砜
吕宋岛,located in or next to body of water,太平洋
北京条约,located in the administrative territorial entity,北京市
莲属,different from,睡莲属
拉贾斯坦邦,located in the administrative territorial entity,印度
梅克,sport,足球
拉贾斯坦邦,office held by head of government,省长
拉贾斯坦邦,shares border with,旁遮普邦
拉贾斯坦邦,shares border with,哈里亚纳邦
色胺,has part,氮
拉贾斯坦邦,shares border with,北方邦
色胺,has part,碳
拉贾斯坦邦,shares border with,中央邦
巴伐利亚,public holiday,新年
救济,subclass of,外援
地层学,part of,地质学
香椿球针壳,taxon rank,种
普列汉诺夫,sex or gender,男性
裸藻门,taxon rank,亚门
渥丹,taxon rank,种
罗马法,subclass of,法律
Morris,instance of,姓氏
Barclay,instance of,姓氏
1693年,instance of,年
university,part of,高等教育
裸藻门,taxon rank,纲
渥丹,parent taxon,百合属
巴伐利亚,public holiday,圣诞节
麂,taxon rank,属
Morris,language of work or name,英语
Barclay,writing system,拉丁文字
1691年,instance of,年
水母,instance of,俗名
Morris,writing system,拉丁文字
Barclay,different from,Barclay
1693年,follows,1692年
格里,sex or gender,男性
石环,country,中华人民共和国
Morris,different from,莫里斯
1693年,followed by,1694年
老君,instance of,神
格里,country of citizenship,加拿大
1691年,follows,1690年
石环,located in the administrative territorial entity,香港
太政官,country,日本
老君,country,中华人民共和国
咳血,subclass of,痰
偃师县,country,中华人民共和国
地区,country,中华人民共和国
格里,country of citizenship,美国
1691年,followed by,1692年
糖化酶,instance of,酶
格里,given name,Frank
新华社,country,中华人民共和国
鲻科,taxon rank,科
政府财政,has part,政治经济学
格里,place of birth,多伦多
普列汉诺夫,languages spoken written or signed,俄语
瑞,instance of,城市
海派,instance of,文化
豆奶,subclass of,代乳品
闽侯县,instance of,县
新华社,language of work or name,汉语
奥匈帝国,instance of,帝国
政府财政,has part,环境经济学
格里,languages spoken written or signed,英语
普列汉诺夫,occupation,哲学家
粉状叉丝壳,taxon rank,种
瑞,country,美国
闽侯县,country,中华人民共和国
格里,occupation,建筑师
IGS,instance of,疾病
造型艺术,instance of,艺术风格
粉状叉丝壳,parent taxon,白粉菌属
闽侯县,located in the administrative territorial entity,福州市
新华社,headquarters location,北京市
政府财政,has part,政治
波纹鳜,taxon rank,种
丹尼,sex or gender,男性
豆奶,country of origin,中华人民共和国
格里,employer,哥伦比亚大学
格雷厄姆,instance of,城市
柳江,instance of,河流
CST,instance of,时区
丹尼,country of citizenship,西班牙
GUC,country,美国
豆奶,has part,大豆
奥匈帝国,continent,欧洲
普列汉诺夫,occupation,历史学家
格雷厄姆,country,美国
柳江,mouth of the watercourse,黔江
长岛大学,country,美国
brilliant,material used,钻石
御谷,taxon rank,种
丹尼,given name,丹尼尔
奥匈帝国,country,奥匈帝国
三甲胺,instance of,化合物
肚脐,part of,腹
柳江,country,中华人民共和国
御谷,parent taxon,狼尾草属
IGS,drug used for treatment,叶酸
普列汉诺夫,occupation,经济学家
discus,sport,铁饼
梅花参,taxon rank,种
奥匈帝国,capital,布达佩斯
554,instance of,年
cavus,instance of,地形
美感,subclass of,哲学
御谷,this taxon is source of,millet
奥匈帝国,located in or next to body of water,亚得里亚海
巴伐利亚,sister city,山东省
浙贝母,taxon rank,种
cavus,subclass of,组
巴伐利亚,sister city,魁北克
1487年,instance of,年
感知器,instance of,算法
角鲨烯,instance of,化合物
三甲胺,has part,氮
Clifford,language of work or name,英语
集体,subclass of,组织
角鲨烯,found in taxon,智人
554,followed by,555年
三甲胺,has part,碳
丹尼,languages spoken written or signed,西班牙语
奥匈帝国,located in or next to body of water,多瑙河
戈尔登,instance of,城市
Clifford,writing system,拉丁文字
1487年,follows,1486年
角鲨烯,has part,碳
奥匈帝国,located in or next to body of water,莱茵河
巴伐利亚,sister city,圣保罗州
Agent,subclass of,计算机程序
戈尔登,country,美国
蓝马鸡,taxon rank,种
阁下,sex or gender,男性
长柱柳,taxon rank,种
Clifford,family name identical to this given name,Clifford
nana,has quality,女性
巴伐利亚,sister city,广东省
Bulgarian,instance of,语言
IDS,instance of,基因
永光,instance of,年号
阁下,country of citizenship,意大利
长柱柳,parent taxon,柳树
Clifford,different from,Clifford
巴伐利亚,sister city,卡纳塔克邦
Cocos,taxon rank,属
孔宜,sex or gender,男性
nana,opposite of,孙
蝶恋花,instance of,词牌
Haviland,instance of,城市
海南行政区,country,中华人民共和国
IDS,found in taxon,智人
孔宜,family name,孔
奥匈帝国,located in or next to body of water,维斯瓦河
Andersen,writing system,拉丁文字
Haviland,country,美国
碎米莎草,taxon rank,种
Bulgarian,country,保加利亚
Andersen,different from,Andersen
De,language of work or name,西班牙语
Bulgarian,country,乌克兰
少年时代,country of origin,美国
Messenger,country of origin,美国
Bulgarian,country,塞尔维亚
少年时代,original language of work,英语
Messenger,original language of work,英语
Andersen,said to be the same as,Anderson
阁下,native language,法语
Bulgarian,country,希腊
Andersen,said to be the same as,Anderson
Bulgarian,country,土耳其
阁下,languages spoken written or signed,拉丁语
阁下,languages spoken written or signed,法语
Bulgarian,country,阿尔巴尼亚
阁下,occupation,推官
格里,military branch,美国陆军
巴伐利亚,shares border with,捷克
Bulgarian,country,俄罗斯
Bulgarian,located in the administrative territorial entity,巴尔干半岛
丹尼,sport,足球
阁下,position held,president
Messenger,filming location,新泽西州
少年时代,narrative location,得克萨斯州
阁下,religion,天主教
涿郡,instance of,郡
Messenger,color,彩色
阁下,sport,足球
中华豆蟹,taxon rank,种
田间,sex or gender,男性
南洋杉科,taxon rank,科
剪刀股,taxon rank,种
经济法,part of,法律
少年时代,color,彩色
阁下,sport,拳击
永平府,instance of,府
1916年,instance of,年
玉米片,subclass of,菜肴
万县地区,country,中华人民共和国
南洋杉科,parent taxon,松柏目
1916年,instance of,闰年
玉米片,country,美国
寄生蜂,taxon rank,亚目
无为县,instance of,县
秋季,instance of,季节
玉米片,country of origin,美国
寄生蜂,parent taxon,细腰亚目
后人,genre,小说
阁下,sport,田径
无为县,country,中华人民共和国
大米草,taxon rank,种
中山植物园,country,中华人民共和国
秋季,subclass of,季节
1916年,follows,1915年
思贤滘,instance of,流水
诊断,part of,diagnosis
酒花,taxon rank,种
秋季,follows,夏季
1916年,followed by,1917年
后人,country of origin,美国
奥匈帝国,shares border with,瑞士
新庄市,country,日本
银胶菊,taxon rank,种
大叶栎,taxon rank,种
秧青,taxon rank,种
隆肛蛙,taxon rank,种
诊断,has effect,diagnosis
秋季,followed by,冬季
后人,language of work or name,英语
1763年,instance of,年
赫梯,instance of,帝国
椰浆,subclass of,饮料
大叶栎,parent taxon,栎属
酒花,has fruit type,坚果
秋季,opposite of,春季
后人,original language of work,英语
中东铁路,country,俄罗斯
赫梯,instance of,族群
椰浆,has part,coconut
1943年,instance of,年
磁通量,instance of,标量
白细胞介素,subclass of,细胞因子
超氧化物,subclass of,化学物质
榆,instance of,诗
1763年,follows,1762年
中东铁路,country,中华人民共和国
叶笃庄,sex or gender,男性
榆,author,苏轼
1763年,followed by,1764年
酒花,use,农业
奥匈帝国,shares border with,奥斯曼帝国
触媒,instance of,化学反应
东南丘陵,instance of,山脉
磁通量,part of,电磁学
叶笃庄,family name,叶
Gallant,country,美国
馒头,subclass of,食物
磷酸亚铁,instance of,化合物
Griffin,country,美国
beet,use,蔬菜
1943年,follows,1942年
勐腊县,instance of,县
大小,subclass of,武器
CC,subclass of,磁带
祁县,instance of,县
Milo,writing system,拉丁文字
馒头,country of origin,中华人民共和国
1943年,followed by,1944年
勐腊县,country,中华人民共和国
金缕梅,taxon rank,种
大小,subclass of,集合
盖县,country,中华人民共和国
祁县,country,中华人民共和国
深水金线鱼,taxon rank,种
Milo,family name identical to this given name,Milo
澧县,instance of,县
联合国海洋法公约,instance of,条约
中指,subclass of,手指
勐腊县,located in the administrative territorial entity,西双版纳傣族自治州
大小,culture,日本
Milo,different from,Milo
澧县,country,中华人民共和国
委陵菜属,taxon rank,属
中指,part of,手
CC,based on,磁带
贺兰县,instance of,县
电器,subclass of,装置
以色列,instance of,国家
澧县,located in the administrative territorial entity,常德市
杜鹃属,taxon rank,属
大麻槿,taxon rank,种
番茄沙司,subclass of,食物
贺兰县,country,中华人民共和国
电器,subclass of,负载
半城子水库,country,中华人民共和国
Rivet,instance of,姓氏
溴化氢,instance of,化合物
杜鹃属,parent taxon,杜鹃科
大麻槿,parent taxon,木槿属
番茄沙司,country of origin,意大利
乒乓球,country of origin,英格兰
中指,anatomical location,手
尔雅,instance of,百科全书
Rivet,writing system,拉丁文字
溴化氢,instance of,溴化物
Rivet,different from,Rivet
番茄沙司,has part,番茄
以色列,part of,黎凡特
乒乓球,uses,乒乓球拍
澧县,contains administrative territorial entity,复兴厂镇
以色列,continent,亚洲
以色列,country,以色列
以色列,capital,耶路撒冷
以色列,located in or next to body of water,死海
后人,filming location,夏威夷州
以色列,located in or next to body of water,约旦河
后人,color,彩色
以色列,deepest point,死海
农桑辑要,instance of,文学作品
米蛾,taxon rank,种
杓兰属,taxon rank,属
松江省,instance of,省
羹,subclass of,汤
特立尼达和多巴哥,instance of,国家
金成,sex or gender,男性
羹,subclass of,食物
伞花木,taxon rank,种
Diesel,sex or gender,男性
左,subclass of,side
临界密度,instance of,方程
Restriction,subclass of,函数
BHT,instance of,化合物
直隶总督,instance of,职位
松江省,country,中华人民共和国
金成,country of citizenship,美国
羹,country of origin,中华人民共和国
草地螟,taxon rank,种
Diesel,country of citizenship,美国
百脉根,taxon rank,种
下缅甸,country,缅甸
下缅甸,facet of,缅甸
左,opposite of,上下
BHT,has part,碳
金成,educated at,宾夕法尼亚大学
特立尼达和多巴哥,official language,英语
阿什哈巴德,sister city,雅典
Diesel,sport,篮球
特立尼达和多巴哥,continent,北美洲
Diesel,military branch,美国陆军
Arrow,country of origin,美国
特立尼达和多巴哥,located on terrain feature,加勒比地区
Arrow,original language of work,英语
CDA,instance of,政党
鸟,subclass of,生殖器
韭葱,subclass of,蔬菜
Arrow,original language of work,西班牙语
特立尼达和多巴哥,deepest point,加勒比海
附子,taxon rank,种
巴克拉,sex or gender,男性
鬃毛,taxon rank,种
郁金香,taxon rank,属
Arrow,original language of work,俄语
smoke,subclass of,气溶胶
Soto,instance of,姓氏
附子,parent taxon,乌头属
巴克拉,country of citizenship,英国
Arrow,original language of work,汉语
以色列,diplomatic relation,美国
smoke,facet of,视觉系统
Soto,language of work or name,西班牙语
CDA,headquarters location,海牙
郁金香,has fruit type,蒴果
以色列,diplomatic relation,俄罗斯
Soto,writing system,拉丁文字
鸟,has part,阴茎头
以色列,diplomatic relation,加拿大
Soto,different from,Soto
巴克拉,place of death,爱丁堡
以色列,diplomatic relation,中华人民共和国
鸟,has part,尿道
巴克拉,occupation,物理学家
以色列,diplomatic relation,埃及
鸟,has part,包皮
郁金香,has part,花
以色列,diplomatic relation,伊朗
smoke,has part,气体
鸟,has part,血管
郁金香,has part,鳞茎
特立尼达和多巴哥,diplomatic relation,澳大利亚
以色列,diplomatic relation,约旦
特立尼达和多巴哥,diplomatic relation,智利
以色列,diplomatic relation,印度
特立尼达和多巴哥,diplomatic relation,英国
以色列,diplomatic relation,日本
巴克拉,employer,剑桥大学
特立尼达和多巴哥,diplomatic relation,巴巴多斯
以色列,diplomatic relation,法国
特立尼达和多巴哥,diplomatic relation,古巴
以色列,diplomatic relation,捷克
巴克拉,employer,爱丁堡大学
特立尼达和多巴哥,diplomatic relation,法国
以色列,diplomatic relation,英国
特立尼达和多巴哥,diplomatic relation,格林纳达
以色列,diplomatic relation,希腊
特立尼达和多巴哥,diplomatic relation,牙买加
以色列,diplomatic relation,德国
冰架,subclass of,冰川
血清病,instance of,疾病
以色列,diplomatic relation,意大利
出水市,country,日本
宋应星,sex or gender,男性
特立尼达和多巴哥,diplomatic relation,美国
以色列,diplomatic relation,阿根廷
苯乙酸,instance of,化合物
鞘脂,subclass of,化学物质
出水市,located in the administrative territorial entity,鹿儿岛县
舞蹈,practiced by,舞者
宋应星,country of citizenship,中国
特立尼达和多巴哥,diplomatic relation,中华人民共和国
以色列,diplomatic relation,澳大利亚
Casey,writing system,拉丁文字
Isis,language of work or name,英语
宋应星,place of birth,宜春市
特立尼达和多巴哥,diplomatic relation,日本
以色列,diplomatic relation,土耳其
B5,instance of,基因
肯特,instance of,镇
苯乙酸,has part,氧
Casey,family name identical to this given name,Casey
宋应星,languages spoken written or signed,汉语
巴克拉,educated at,利物浦大学
特立尼达和多巴哥,diplomatic relation,俄罗斯
以色列,diplomatic relation,大韩民国
李继侗,sex or gender,男性
长生铁角蕨,taxon rank,种
Kangaroo,taxon rank,科
肯特,country,美国
苯乙酸,has part,碳
Casey,different from,Casey
巴克拉,educated at,剑桥大学
特立尼达和多巴哥,diplomatic relation,印度
以色列,diplomatic relation,菲律宾
李继侗,country of citizenship,中华人民共和国
B5,found in taxon,智人
肯特,located in the administrative territorial entity,金县
特立尼达和多巴哥,diplomatic relation,孟加拉国
李继侗,occupation,生物学家
MHC,country,美国
特立尼达和多巴哥,member of,联合国
以色列,diplomatic relation,埃塞俄比亚
特立尼达和多巴哥,member of,英联邦
以色列,diplomatic relation,新加坡
以色列,diplomatic relation,巴西
以色列,diplomatic relation,挪威
Kangaroo,Code of nomenclature,国际动物命名法规
以色列,diplomatic relation,乌克兰
以色列,diplomatic relation,白俄罗斯
以色列,diplomatic relation,阿塞拜疆
以色列,diplomatic relation,秘鲁
以色列,diplomatic relation,哥伦比亚
2050年,instance of,年
以色列,diplomatic relation,奥地利
铁青树科,taxon rank,科
徐京,sex or gender,男性
严复,sex or gender,男性
水文学,part of,生态学
Georgia,instance of,国家
以色列,diplomatic relation,卡塔尔
瓷漆,subclass of,涂料
渔具,subclass of,设备
西安府,instance of,府
卓,instance of,姓氏
固氮作用,part of,氮循环
同伴,canonization status,圣人
严复,country of citizenship,中国
水文学,part of,地质学
以色列,diplomatic relation,苏联
临沂站,country,中华人民共和国
严复,country of citizenship,清朝
水文学,part of,气象学
篌竹,taxon rank,种
以色列,diplomatic relation,缅甸
黑粉菌科,taxon rank,科
王冠,country,日本
江南大学,country,中华人民共和国
韶子,taxon rank,种
篌竹,parent taxon,刚竹属
严复,place of birth,福州市
Georgia,instance of,共和制
以色列,diplomatic relation,厄立特里亚
黑粉菌科,parent taxon,黑粉菌目
江南大学,located in the administrative territorial entity,无锡市
严复,place of death,福州市
Cutter,country of origin,美国
严复,languages spoken written or signed,汉语
Georgia,instance of,国家
特立尼达和多巴哥,language used,英语
以色列,diplomatic relation,立陶宛
Cutter,original language of work,英语
Georgia,part of,东欧
以色列,diplomatic relation,墨西哥
Georgia,part of,高加索
Georgia,part of,欧洲
以色列,diplomatic relation,塞尔维亚
以色列,diplomatic relation,马拉维
以色列,diplomatic relation,毛里塔尼亚
以色列,diplomatic relation,尼日尔
以色列,diplomatic relation,芬兰
Georgia,continent,欧洲
以色列,diplomatic relation,阿拉伯联合酋长国
Georgia,country,格鲁吉亚
Georgia,capital,第比利斯
以色列,diplomatic relation,安哥拉
以色列,diplomatic relation,智利
Madden,instance of,姓氏
五堡乡,country,中华人民共和国
以色列,diplomatic relation,乌拉圭
Madden,language of work or name,英语
竹柏科,taxon rank,科
郴州市,country,中华人民共和国
金牌,subclass of,奖励
Georgia,deepest point,黑海
F3,instance of,基因
nutrient,subclass of,化学物质
郁江,instance of,河流
Madden,writing system,拉丁文字
郴州市,located in the administrative territorial entity,湖南省
郁江,mouth of the watercourse,浔江
碎米荠,taxon rank,种
游蛇科,taxon rank,科
Madden,different from,Madden
竹柏科,parent taxon,松柏目
香云纱,country of origin,中华人民共和国
F3,found in taxon,智人
郁江,country,中华人民共和国
郁江,located in the administrative territorial entity,广西壮族自治区
以色列,diplomatic relation,纳米比亚
郴州市,contains administrative territorial entity,宜章县
Cutter,color,彩色
以色列,diplomatic relation,巴布亚新几内亚
以色列,diplomatic relation,马耳他
F3,ortholog,F3
游蛇科,Code of nomenclature,国际动物命名法规
特立尼达和多巴哥,driving side,左
以色列,diplomatic relation,瑞士
F3,ortholog,F3
钌,location of discovery,俄罗斯
以色列,diplomatic relation,巴拉圭
郴州市,contains administrative territorial entity,汝城县
以色列,diplomatic relation,乌干达
以色列,diplomatic relation,柬埔寨
以色列,diplomatic relation,海地
以色列,diplomatic relation,古巴
Georgia,diplomatic relation,意大利
以色列,diplomatic relation,尼加拉瓜
Georgia,diplomatic relation,德国
以色列,diplomatic relation,格鲁吉亚
唐县,instance of,县
Georgia,diplomatic relation,美国
以色列,diplomatic relation,阿尔及利亚
唐县,country,中华人民共和国
海韭菜,taxon rank,种
跳蚤,taxon rank,目
晴日,instance of,诗
肖竹芋,taxon rank,种
Les,writing system,拉丁文字
衣原体,taxon rank,门
Georgia,diplomatic relation,土耳其
以色列,diplomatic relation,叙利亚
北地郡,instance of,郡
美,instance of,概念
肖竹芋,parent taxon,肖竹芋属
Les,family name identical to this given name,Les
猬草,taxon rank,种
工程院,country,中华人民共和国
蛇床,taxon rank,种
唐县,located in the administrative territorial entity,保定市
晴日,genre,唐诗
Georgia,diplomatic relation,阿塞拜疆
以色列,member of,联合国
船,subclass of,vessel
晴日,country of origin,唐朝
Georgia,diplomatic relation,阿富汗
工程院,parent organization,中国科学院
晴日,language of work or name,文言文
Georgia,diplomatic relation,文莱
Georgia,diplomatic relation,日本
Georgia,diplomatic relation,印度
Georgia,diplomatic relation,伊朗
Georgia,diplomatic relation,以色列
Georgia,diplomatic relation,沙特阿拉伯
Georgia,diplomatic relation,澳大利亚
Georgia,diplomatic relation,奥地利
Georgia,diplomatic relation,阿尔巴尼亚
Georgia,diplomatic relation,阿尔及利亚
Georgia,diplomatic relation,安哥拉
数值,subclass of,字符
186年,instance of,年
格兰特,country,美国
Broom,sex or gender,男性
威力,sex or gender,男性
小米草,taxon rank,种
Georgia,diplomatic relation,安提瓜和巴布达
天统,instance of,年号
186年,follows,185年
Broom,country of citizenship,南非
威力,country of citizenship,英国
Georgia,diplomatic relation,阿拉伯联合酋长国
大蔓樱草,taxon rank,种
Laburnum,taxon rank,属
籽粒苋,taxon rank,种
金刚纂,taxon rank,种
笛鲷科,taxon rank,科
Broom,given name,罗伯特
Georgia,diplomatic relation,阿根廷
东乡县,instance of,县
氧化钠,instance of,化合物
花果山,country,中华人民共和国
泌阳县,instance of,县
Laburnum,parent taxon,蝶形花亚科
籽粒苋,parent taxon,苋属
数值,said to be the same as,digit
Georgia,diplomatic relation,新西兰
东乡县,country,中华人民共和国
氧化钠,has part,氧
泌阳县,country,中华人民共和国
孑孓,subclass of,鬼
北宋,part of,宋朝
Georgia,diplomatic relation,孟加拉国
氧化钠,has part,钠
俄勒冈州,country,美国
北宋,capital,汴梁
笛鲷科,Code of nomenclature,国际动物命名法规
Broom,languages spoken written or signed,英语
Georgia,diplomatic relation,巴哈马
俄勒冈州,capital,塞勒姆
Broom,occupation,人类学家
Georgia,diplomatic relation,巴林
俄勒冈州,located in the administrative territorial entity,美国
泌阳县,contains administrative territorial entity,羊册镇
Georgia,diplomatic relation,白俄罗斯
俄勒冈州,located in or next to body of water,太平洋
Broom,occupation,考古学家
Georgia,diplomatic relation,比利时
北宋,contains administrative territorial entity,京西路
Broom,occupation,医生
俄勒冈州,deepest point,太平洋
Georgia,diplomatic relation,巴西
北宋,contains administrative territorial entity,河北路
Georgia,diplomatic relation,保加利亚
Broom,field of work,古生物学
Georgia,diplomatic relation,加蓬
北宋,contains administrative territorial entity,陕西路
Georgia,diplomatic relation,圭亚那
以色列,contains administrative territorial entity,中央区
Georgia,diplomatic relation,冈比亚
以色列,contains administrative territorial entity,北部区
北宋,contains administrative territorial entity,两浙路
Georgia,diplomatic relation,危地马拉
以色列,contains administrative territorial entity,南部区
Georgia,diplomatic relation,几内亚
北宋,contains administrative territorial entity,淮南路
Georgia,diplomatic relation,格林纳达
Georgia,diplomatic relation,丹麦
紫荆,taxon rank,种
CAG,country,加拿大
Georgia,diplomatic relation,英国
达布逊湖,instance of,湖泊
氏神,instance of,神
科山,instance of,山
待机,instance of,模式
灭多威,instance of,化合物
北宋,contains administrative territorial entity,江南路
达布逊湖,country,中华人民共和国
狗肝菜,taxon rank,种
科山,country,俄罗斯
待机,part of,操作系统
马迹山,country,中华人民共和国
白唇鹿,taxon rank,种
北宋,contains administrative territorial entity,江南东路
PGD,instance of,基因
尿苷三磷酸,instance of,化合物
桓,instance of,姓氏
资本主义,instance of,经济体系
Sven,writing system,拉丁文字
Georgia,diplomatic relation,埃及
以色列,shares border with,叙利亚
尿苷三磷酸,has part,氮
舌鳎,taxon rank,科
宜昌橙,taxon rank,种
李景均,sex or gender,男性
Georgia,diplomatic relation,埃塞俄比亚
以色列,shares border with,约旦
PGD,found in taxon,智人
尿苷三磷酸,has part,氧
宜昌橙,parent taxon,柑橘属
李景均,country of citizenship,美国
Georgia,diplomatic relation,厄瓜多尔
以色列,shares border with,埃及
尿苷三磷酸,has part,碳
宜昌橙,has fruit type,柑果
Sven,different from,Sven
Georgia,diplomatic relation,赤道几内亚
以色列,shares border with,黎巴嫩
李景均,family name,李
北宋,contains administrative territorial entity,福建路
Georgia,diplomatic relation,萨尔瓦多
李景均,occupation,数学家
Georgia,diplomatic relation,伊拉克
李景均,occupation,生物学家
Georgia,diplomatic relation,厄立特里亚
Georgia,diplomatic relation,西班牙
Georgia,diplomatic relation,爱沙尼亚
北宋,contains administrative territorial entity,成都府路
Georgia,diplomatic relation,越南
北宋,contains administrative territorial entity,夔州路
Georgia,diplomatic relation,赞比亚
以色列,official symbol,戴胜
北宋,contains administrative territorial entity,广南西路
二四,instance of,自然数
1314年,instance of,年
动物科学,part of,农学
Georgia,diplomatic relation,牙买加
黄果冷杉,taxon rank,种
鼻蛭,taxon rank,种
鳓鱼,taxon rank,种
动物科学,part of,生物学
中药大辞典,country of origin,中华人民共和国
流年,instance of,诗
种群生物学,subclass of,生物学
主持人,instance of,专业
黄果冷杉,parent taxon,冷杉属
1314年,follows,1313年
Georgia,diplomatic relation,印度尼西亚
磷虾,taxon rank,目
流年,genre,唐诗
球面度,based on,米
1314年,followed by,1315年
Georgia,diplomatic relation,约旦
五亭桥,country,中华人民共和国
乙胺,instance of,化合物
流年,country of origin,唐朝
Spartan,developer,微软
爪哇,influenced by,C语言
银叶树属,taxon rank,属
长臀鲃,taxon rank,种
流年,language of work or name,文言文
爪哇,influenced by,Ada
Georgia,diplomatic relation,冰岛
Georgia,diplomatic relation,佛得角
Georgia,diplomatic relation,柬埔寨
charge,opposite of,field
爪哇,mascot,Duke
Georgia,diplomatic relation,加拿大
Georgia,diplomatic relation,喀麦隆
Georgia,diplomatic relation,卡塔尔
Georgia,diplomatic relation,肯尼亚
俄勒冈州,shares border with,加利福尼亚州
以色列,emergency phone number,100
